{"cameraMode":{"drawMode":0,"name":"Shaded","section":"Shading Mode"},"sceneLighting":false,"audioPlay":false,"sceneViewState":{"showFog":true,"showMaterialUpdate":false,"showSkybox":true,"showFlares":true,"showImageEffects":true,"showParticleSystems":true},"in2DMode":false,"pivot":{"x":0.0000017881393432617188,"y":1.4133654832839966,"z":-0.07679980993270874},"rotation":{"x":-0.0036855817306786777,"y":0.9858765006065369,"z":-0.1659962683916092,"w":-0.02188916504383087},"size":7.3968281745910648,"orthographic":false}